{"cameraMode":{"drawMode":0,"name":"Shaded","section":"Shading Mode"},"sceneLighting":false,"audioPlay":false,"sceneViewState":{"m_AlwaysRefresh":false,"showFog":true,"showSkybox":false,"showFlares":true,"showImageEffects":true,"showParticleSystems":true,"showVisualEffectGraphs":true,"m_FxEnabled":true},"in2DMode":false,"pivot":{"x":-0.21348004043102265,"y":0.8775590658187866,"z":1.2220399379730225},"rotation":{"x":0.18974551558494569,"y":-0.6244409084320068,"z":0.15998531877994538,"w":0.7406031489372253},"size":1.0929099321365357,"orthographic":false}