{"cameraMode":{"drawMode":0,"name":"Shaded","section":"Shading Mode"},"sceneLighting":false,"audioPlay":false,"sceneViewState":{"m_AlwaysRefresh":false,"showFog":true,"showSkybox":false,"showFlares":true,"showImageEffects":true,"showParticleSystems":true,"showVisualEffectGraphs":true,"m_FxEnabled":true},"in2DMode":false,"pivot":{"x":1.8954867124557496,"y":2.3043456077575685,"z":0.8243924379348755},"rotation":{"x":0.16296686232089997,"y":-0.6297945976257324,"z":0.13740618526935578,"w":0.7469528913497925},"size":1.5052506923675538,"orthographic":false}