{"cameraMode":{"drawMode":0,"name":"Shaded","section":"Shading Mode"},"sceneLighting":false,"audioPlay":false,"sceneViewState":{"m_AlwaysRefresh":false,"showFog":true,"showSkybox":false,"showFlares":true,"showImageEffects":true,"showParticleSystems":true,"showVisualEffectGraphs":true,"m_FxEnabled":true},"in2DMode":false,"pivot":{"x":0.020218193531036378,"y":0.722994327545166,"z":0.1299322247505188},"rotation":{"x":-0.10905641317367554,"y":0.8189112544059753,"z":-0.16583862900733949,"w":-0.5385153293609619},"size":1.2773830890655518,"orthographic":false}