{"cameraMode":{"drawMode":0,"name":"Shaded","section":"Shading Mode"},"sceneLighting":false,"audioPlay":false,"sceneViewState":{"m_AlwaysRefresh":false,"showFog":true,"showSkybox":false,"showFlares":true,"showImageEffects":true,"showParticleSystems":true,"showVisualEffectGraphs":true,"m_FxEnabled":true},"in2DMode":false,"pivot":{"x":-0.040433771908283237,"y":0.027752913534641267,"z":0.5206141471862793},"rotation":{"x":0.25024154782295229,"y":-0.07977169007062912,"z":0.020693661645054818,"w":0.9646788239479065},"size":0.522918701171875,"orthographic":false}