{"cameraMode":{"drawMode":0,"name":"Shaded","section":"Shading Mode"},"sceneLighting":false,"audioPlay":false,"sceneViewState":{"m_AlwaysRefresh":false,"showFog":true,"showSkybox":false,"showFlares":true,"showImageEffects":true,"showParticleSystems":true,"showVisualEffectGraphs":true,"m_FxEnabled":true},"in2DMode":false,"pivot":{"x":0.6016923785209656,"y":2.0120389461517336,"z":-0.10297923535108566},"rotation":{"x":0.20944738388061524,"y":-0.6653473377227783,"z":0.20276623964309693,"w":0.687274158000946},"size":1.8033620119094849,"orthographic":false}