{"cameraMode":{"drawMode":0,"name":"Shaded","section":"Shading Mode"},"sceneLighting":false,"audioPlay":false,"sceneViewState":{"m_AlwaysRefresh":false,"showFog":true,"showSkybox":false,"showFlares":true,"showImageEffects":true,"showParticleSystems":true,"showVisualEffectGraphs":true,"m_FxEnabled":true},"in2DMode":false,"pivot":{"x":0.42591312527656557,"y":2.3489580154418947,"z":-0.48779919743537905},"rotation":{"x":-0.26379984617233279,"y":-0.6734727621078491,"z":0.2818160355091095,"w":-0.6304228901863098},"size":1.8033620119094849,"orthographic":false}