{"cameraMode":{"drawMode":0,"name":"Shaded","section":"Shading Mode"},"sceneLighting":false,"audioPlay":false,"sceneViewState":{"m_AlwaysRefresh":false,"showFog":true,"showSkybox":false,"showFlares":true,"showImageEffects":true,"showParticleSystems":true,"showVisualEffectGraphs":true,"m_FxEnabled":true},"in2DMode":false,"pivot":{"x":1.2689974308013917,"y":0.7564666271209717,"z":9.58818244934082},"rotation":{"x":0.15863484144210816,"y":-0.005928490776568651,"z":0.0009534271084703505,"w":0.9873252511024475},"size":5.001326560974121,"orthographic":false}