{"cameraMode":{"drawMode":0,"name":"Shaded","section":"Shading Mode"},"sceneLighting":false,"audioPlay":false,"sceneViewState":{"m_AlwaysRefresh":false,"showFog":true,"showSkybox":false,"showFlares":true,"showImageEffects":true,"showParticleSystems":true,"showVisualEffectGraphs":true,"m_FxEnabled":true},"in2DMode":false,"pivot":{"x":0.03034024126827717,"y":-0.02361436001956463,"z":0.11313378810882569},"rotation":{"x":0.2382742464542389,"y":-0.6634908318519592,"z":0.23642778396606446,"w":0.6686773896217346},"size":2.0398190021514894,"orthographic":false}