{"cameraMode":{"drawMode":0,"name":"Shaded","section":"Shading Mode"},"sceneLighting":false,"audioPlay":false,"sceneViewState":{"m_AlwaysRefresh":false,"showFog":true,"showSkybox":false,"showFlares":true,"showImageEffects":true,"showParticleSystems":true,"showVisualEffectGraphs":true,"m_FxEnabled":true},"in2DMode":false,"pivot":{"x":0.6322488188743591,"y":0.7314760684967041,"z":-0.3758668899536133},"rotation":{"x":-0.2423759400844574,"y":0.41430801153182986,"z":-0.11547417938709259,"w":-0.8696491718292236},"size":1.8104634284973145,"orthographic":false}