{"cameraMode":{"drawMode":0,"name":"Shaded","section":"Shading Mode"},"sceneLighting":false,"audioPlay":false,"sceneViewState":{"m_AlwaysRefresh":false,"showFog":true,"showSkybox":false,"showFlares":true,"showImageEffects":true,"showParticleSystems":true,"showVisualEffectGraphs":true,"m_FxEnabled":true},"in2DMode":false,"pivot":{"x":-0.2375107705593109,"y":0.31120333075523379,"z":0.4438542127609253},"rotation":{"x":-0.1584375947713852,"y":-0.04974549263715744,"z":0.007985226809978485,"w":-0.9860952496528626},"size":1.8104634284973145,"orthographic":false}